nm0000001	Richard D Anderson	tt0000001	tt0000002	tt0000069
nm0000002	Brad Pitt	tt0000002	tt0000003	tt0000069
nm0000003	Dana Elcar	tt0000003	tt0000004
nm0000004	Leonardo Dicaprio	tt0000004	tt0000005
nm0000005	SomeDoucebag	tt0000005	tt0000006
nm0000006	Extra1	tt0000006	tt0000007
nm0000007	Extra2	tt0000007	tt0000008
nm0000008	Extra3	tt0000008	tt0000009
nm0000009	Extra4	tt0000009	tt0000001	tt0000069
nm0000010	Extra5	tt0000001	tt0000011
nm0000011	Extra6	tt0000011
nm0000012	Extra7	tt0000012
nm0000013	Extra8	tt0000013
nm0000014	Extra9	tt0000014	tt0000006	
